id;matricule_ens;nom_prenom;sexe;telephone;mail;grade;jhi_option;situation_matrimoniale;status;fonction
1;web-readiness Shoes a;copying;F;0297254288;calculate;lime b parse;ENSEIGNEMENT_TECHNIQUE;VEUVE;VACATAIRE;Maurice copying
2;boliviano Ergonomic a;Alsace navigating la;F;0248371419;Bedfordshire;East Delesseux 1080p;ENSEIGNEMENT_TECHNIQUE;MARIEE;FONCTIONNAIRE;Health
3;Superviseur hack Gloves;Salomon Baby Concrete;F;0140497591;Borders haptic Limousin;b;ENSEIGNEMENT_TECHNIQUE;MARIE;CONTRACTUEL;Cambridgeshire quantifying Borders
4;Cheese;expedite;F;0624845374;e-business;Phased Investment;FORMATION_PROFESSIONNELLE;AUTRES;VACATAIRE;haptic Electronics deposit
5;Congolese;Saudi transmit Checking;F;0252073710;asymmetric;Personal Money Rubber;ENSEIGNEMENT_TECHNIQUE;VEUVE;VACATAIRE;Account overriding
6;Market Agent Health;Fresh Madagascar navigating;M;0664993698;SDD Bike Buckinghamshire;TCP c;FORMATION_PROFESSIONNELLE;AUTRES;VACATAIRE;hack
7;compress Chicken;Tasty uniform;F;0219080810;Loan;collaborative AGP Books;ENSEIGNEMENT_TECHNIQUE;MARIEE;CONTRACTUEL;Account Computer Refined
8;real-time Vanuatu systematic;Focused payment;M;+33 549501063;synthesize Baby;teal system optical;FORMATION_PROFESSIONNELLE;MARIE;VACATAIRE;utilisation
9;b;Sausages Bonaparte Incredible;F;0388404785;Shoes Auto sexy;Shirt zero Seychelles;FORMATION_PROFESSIONNELLE;VEUVE;AUTRES;c mobile
10;Handmade SDD Avon;Nord-Pas-de-Calais firewall eco-centric;M;0177847075;CSS paradigms c;Rubber Granite;ENSEIGNEMENT_TECHNIQUE;MARIEE;CONTRACTUEL;Cor√©e e-commerce
